file,diff_fields,deepseek_values,kimi_values
Arizona State/associate/CV-2.docx,years_post_phd,"{""years_post_phd"": """"}","{""years_post_phd"": ""9.0""}"
Arizona State/associate/CV_bishop.docx,AMERICAN ECONOMIC REVIEW; promotion_university; promotion_year; years_post_phd,"{""AMERICAN ECONOMIC REVIEW"": ""1"", ""promotion_university"": """", ""promotion_year"": """", ""years_post_phd"": """"}","{""AMERICAN ECONOMIC REVIEW"": ""0"", ""promotion_university"": ""Arizona State University"", ""promotion_year"": ""2013.0"", ""years_post_phd"": ""5.0""}"
Arizona State/associate/CV_current.docx,JOURNAL OF ECONOMIC THEORY,"{""JOURNAL OF ECONOMIC THEORY"": ""1""}","{""JOURNAL OF ECONOMIC THEORY"": ""2""}"
Arizona State/associate/cv_kuminoff.docx,INTERNATIONAL ECONOMIC REVIEW,"{""INTERNATIONAL ECONOMIC REVIEW"": ""2""}","{""INTERNATIONAL ECONOMIC REVIEW"": ""1""}"
Arizona State/associate/mizzi_acad_cv_2021.docx,name,"{""name"": ""Ph\u0131l\u0131p J M\u0131zz\u0131""}","{""name"": ""Philip J Mizzi""}"
Arizona State/full/2104res.docx,JOURNAL OF ECONOMIC THEORY; promotion_university; promotion_year; years_post_phd,"{""JOURNAL OF ECONOMIC THEORY"": ""5"", ""promotion_university"": ""The University of Iowa"", ""promotion_year"": ""1996.0"", ""years_post_phd"": ""8.0""}","{""JOURNAL OF ECONOMIC THEORY"": ""8"", ""promotion_university"": ""Arizona State University"", ""promotion_year"": ""1997.0"", ""years_post_phd"": ""9.0""}"
Arizona State/full/Ketcham CV April 2024.docx,AMERICAN ECONOMIC REVIEW; promotion_university; promotion_year; years_post_phd,"{""AMERICAN ECONOMIC REVIEW"": ""3"", ""promotion_university"": """", ""promotion_year"": """", ""years_post_phd"": """"}","{""AMERICAN ECONOMIC REVIEW"": ""2"", ""promotion_university"": ""Arizona State University"", ""promotion_year"": ""2020.0"", ""years_post_phd"": ""18.0""}"
Arizona State/full/RAJNISH-MEHRA-Vita-Aug-2025.docx,JOURNAL OF ECONOMIC THEORY,"{""JOURNAL OF ECONOMIC THEORY"": ""1""}","{""JOURNAL OF ECONOMIC THEORY"": ""2""}"
Arizona State/full/ahn_vita_2021_02_22.docx,JOURNAL OF ECONOMETRICS,"{""JOURNAL OF ECONOMETRICS"": ""2""}","{""JOURNAL OF ECONOMETRICS"": ""4""}"
Arizona State/full/cv-july2025.docx,JOURNAL OF MONETARY ECONOMICS; REVIEW OF ECONOMIC STUDIES,"{""JOURNAL OF MONETARY ECONOMICS"": ""6"", ""REVIEW OF ECONOMIC STUDIES"": ""2""}","{""JOURNAL OF MONETARY ECONOMICS"": ""5"", ""REVIEW OF ECONOMIC STUDIES"": ""1""}"
Arizona State/full/cv.docx,REVIEW OF ECONOMIC STUDIES; THEORETICAL ECONOMICS,"{""REVIEW OF ECONOMIC STUDIES"": ""3"", ""THEORETICAL ECONOMICS"": ""3""}","{""REVIEW OF ECONOMIC STUDIES"": ""2"", ""THEORETICAL ECONOMICS"": ""2""}"
Arizona State/full/cv2022_.01.docx,INTERNATIONAL ECONOMIC REVIEW; JOURNAL OF ECONOMIC THEORY,"{""INTERNATIONAL ECONOMIC REVIEW"": ""3"", ""JOURNAL OF ECONOMIC THEORY"": ""3""}","{""INTERNATIONAL ECONOMIC REVIEW"": ""4"", ""JOURNAL OF ECONOMIC THEORY"": ""4""}"
Boston College/associate/cv_nosal2.docx,JOURNAL OF MONETARY ECONOMICS; years_post_phd,"{""JOURNAL OF MONETARY ECONOMICS"": ""3"", ""years_post_phd"": """"}","{""JOURNAL OF MONETARY ECONOMICS"": ""2"", ""years_post_phd"": ""15.0""}"
Boston College/full/Anderson_CV.docx,AMERICAN ECONOMIC REVIEW; ECONOMIC JOURNAL; INTERNATIONAL ECONOMIC REVIEW; JOURNAL OF DEVELOPMENT ECONOMICS; JOURNAL OF PUBLIC ECONOMICS; REVIEW OF ECONOMICS AND STATISTICS,"{""AMERICAN ECONOMIC REVIEW"": ""5"", ""ECONOMIC JOURNAL"": ""2"", ""INTERNATIONAL ECONOMIC REVIEW"": ""5"", ""JOURNAL OF DEVELOPMENT ECONOMICS"": ""2"", ""JOURNAL OF PUBLIC ECONOMICS"": ""1"", ""REVIEW OF ECONOMICS AND STATISTICS"": ""2""}","{""AMERICAN ECONOMIC REVIEW"": ""4"", ""ECONOMIC JOURNAL"": ""1"", ""INTERNATIONAL ECONOMIC REVIEW"": ""6"", ""JOURNAL OF DEVELOPMENT ECONOMICS"": ""1"", ""JOURNAL OF PUBLIC ECONOMICS"": ""2"", ""REVIEW OF ECONOMICS AND STATISTICS"": ""3""}"
Boston College/full/Basu_CV.docx,AMERICAN ECONOMIC REVIEW,"{""AMERICAN ECONOMIC REVIEW"": ""2""}","{""AMERICAN ECONOMIC REVIEW"": ""1""}"
Boston College/full/Baum_CV.docx,AMERICAN ECONOMIC REVIEW,"{""AMERICAN ECONOMIC REVIEW"": ""1""}","{""AMERICAN ECONOMIC REVIEW"": ""0""}"
Boston College/full/CV Murphy January 2024.docx,JOURNAL OF INTERNATIONAL ECONOMICS,"{""JOURNAL OF INTERNATIONAL ECONOMICS"": ""1""}","{""JOURNAL OF INTERNATIONAL ECONOMICS"": ""0""}"
Boston College/full/CV-Papageorgiou.docx,promotion_university; promotion_year; years_post_phd,"{""promotion_university"": """", ""promotion_year"": """", ""years_post_phd"": """"}","{""promotion_university"": ""McGill University"", ""promotion_year"": ""2014.0"", ""years_post_phd"": ""6.0""}"
Boston College/full/CV_lewbel.docx,AMERICAN ECONOMIC REVIEW; ECONOMETRICA; INTERNATIONAL ECONOMIC REVIEW; JOURNAL OF ECONOMETRICS; JOURNAL OF PUBLIC ECONOMICS; QUARTERLY JOURNAL OF ECONOMICS; REVIEW OF ECONOMIC STUDIES; REVIEW OF ECONOMICS AND STATISTICS,"{""AMERICAN ECONOMIC REVIEW"": ""4"", ""ECONOMETRICA"": ""6"", ""INTERNATIONAL ECONOMIC REVIEW"": ""1"", ""JOURNAL OF ECONOMETRICS"": ""17"", ""JOURNAL OF PUBLIC ECONOMICS"": ""2"", ""QUARTERLY JOURNAL OF ECONOMICS"": ""1"", ""REVIEW OF ECONOMIC STUDIES"": ""3"", ""REVIEW OF ECONOMICS AND STATISTICS"": ""4""}","{""AMERICAN ECONOMIC REVIEW"": ""3"", ""ECONOMETRICA"": ""7"", ""INTERNATIONAL ECONOMIC REVIEW"": ""3"", ""JOURNAL OF ECONOMETRICS"": ""15"", ""JOURNAL OF PUBLIC ECONOMICS"": ""1"", ""QUARTERLY JOURNAL OF ECONOMICS"": ""2"", ""REVIEW OF ECONOMIC STUDIES"": ""1"", ""REVIEW OF ECONOMICS AND STATISTICS"": ""5""}"
Boston College/full/Guerron_CV.docx,AMERICAN ECONOMIC JOURNAL-MACROECONOMICS; JOURNAL OF MONETARY ECONOMICS; name,"{""AMERICAN ECONOMIC JOURNAL-MACROECONOMICS"": ""1"", ""JOURNAL OF MONETARY ECONOMICS"": ""2"", ""name"": ""Pablo A. Guerr\u00f3n""}","{""AMERICAN ECONOMIC JOURNAL-MACROECONOMICS"": ""2"", ""JOURNAL OF MONETARY ECONOMICS"": ""3"", ""name"": ""Pablo A. Guerron""}"
Boston College/full/Segal_CV.docx,ECONOMETRICA; INTERNATIONAL ECONOMIC REVIEW; JOURNAL OF ECONOMIC THEORY,"{""ECONOMETRICA"": ""2"", ""INTERNATIONAL ECONOMIC REVIEW"": ""2"", ""JOURNAL OF ECONOMIC THEORY"": ""9""}","{""ECONOMETRICA"": ""4"", ""INTERNATIONAL ECONOMIC REVIEW"": ""3"", ""JOURNAL OF ECONOMIC THEORY"": ""8""}"
Boston College/full/TayfunSonmez-cv-January2025.docx,AMERICAN ECONOMIC REVIEW; JOURNAL OF ECONOMIC THEORY,"{""AMERICAN ECONOMIC REVIEW"": ""5"", ""JOURNAL OF ECONOMIC THEORY"": ""8""}","{""AMERICAN ECONOMIC REVIEW"": ""4"", ""JOURNAL OF ECONOMIC THEORY"": ""7""}"
Boston College/full/Xiao_CV.docx,JOURNAL OF ECONOMETRICS,"{""JOURNAL OF ECONOMETRICS"": ""6""}","{""JOURNAL OF ECONOMETRICS"": ""15""}"
Boston College/full/cox.cv.docx,JOURNAL OF DEVELOPMENT ECONOMICS,"{""JOURNAL OF DEVELOPMENT ECONOMICS"": ""2""}","{""JOURNAL OF DEVELOPMENT ECONOMICS"": ""3""}"
Boston College/full/cvposta.docx,ECONOMIC JOURNAL; INTERNATIONAL ECONOMIC REVIEW; JOURNAL OF ECONOMIC THEORY; JOURNAL OF INTERNATIONAL ECONOMICS; THEORETICAL ECONOMICS; promotion_university,"{""ECONOMIC JOURNAL"": ""1"", ""INTERNATIONAL ECONOMIC REVIEW"": ""1"", ""JOURNAL OF ECONOMIC THEORY"": ""6"", ""JOURNAL OF INTERNATIONAL ECONOMICS"": ""2"", ""THEORETICAL ECONOMICS"": ""1"", ""promotion_university"": ""Boston College""}","{""ECONOMIC JOURNAL"": ""0"", ""INTERNATIONAL ECONOMIC REVIEW"": ""0"", ""JOURNAL OF ECONOMIC THEORY"": ""3"", ""JOURNAL OF INTERNATIONAL ECONOMICS"": ""1"", ""THEORETICAL ECONOMICS"": ""0"", ""promotion_university"": ""Southern Methodist University""}"
Boston College/full/ekmekci-cv-2023-Jan.docx,promotion_university; promotion_year; years_post_phd,"{""promotion_university"": ""Boston College"", ""promotion_year"": ""2014.0"", ""years_post_phd"": ""8.0""}","{""promotion_university"": ""University of Pittsburgh"", ""promotion_year"": ""2013.0"", ""years_post_phd"": ""7.0""}"
Boston College/full/ireland.cv.docx,AMERICAN ECONOMIC REVIEW; JOURNAL OF MONETARY ECONOMICS,"{""AMERICAN ECONOMIC REVIEW"": ""2"", ""JOURNAL OF MONETARY ECONOMICS"": ""3""}","{""AMERICAN ECONOMIC REVIEW"": ""1"", ""JOURNAL OF MONETARY ECONOMICS"": ""4""}"
Boston College/full/schiantarelli_cv__2024_01.docx,INTERNATIONAL ECONOMIC REVIEW; JOURNAL OF MONETARY ECONOMICS; JOURNAL OF THE EUROPEAN ECONOMIC ASSOCIATION; promotion_university; promotion_year; years_post_phd,"{""INTERNATIONAL ECONOMIC REVIEW"": ""1"", ""JOURNAL OF MONETARY ECONOMICS"": ""1"", ""JOURNAL OF THE EUROPEAN ECONOMIC ASSOCIATION"": ""3"", ""promotion_university"": """", ""promotion_year"": """", ""years_post_phd"": """"}","{""INTERNATIONAL ECONOMIC REVIEW"": ""2"", ""JOURNAL OF MONETARY ECONOMICS"": ""2"", ""JOURNAL OF THE EUROPEAN ECONOMIC ASSOCIATION"": ""2"", ""promotion_university"": ""Boston College"", ""promotion_year"": ""1998.0"", ""years_post_phd"": ""17.0""}"
Boston College/full/uunvercv.docx,ECONOMIC JOURNAL; JOURNAL OF ECONOMIC THEORY,"{""ECONOMIC JOURNAL"": ""0"", ""JOURNAL OF ECONOMIC THEORY"": ""4""}","{""ECONOMIC JOURNAL"": ""1"", ""JOURNAL OF ECONOMIC THEORY"": ""5""}"
Boston College/full/vita24public.docx,ECONOMETRICA; JOURNAL OF ECONOMETRICS; REVIEW OF ECONOMICS AND STATISTICS,"{""ECONOMETRICA"": ""2"", ""JOURNAL OF ECONOMETRICS"": ""12"", ""REVIEW OF ECONOMICS AND STATISTICS"": ""0""}","{""ECONOMETRICA"": ""3"", ""JOURNAL OF ECONOMETRICS"": ""13"", ""REVIEW OF ECONOMICS AND STATISTICS"": ""1""}"
Brandeis/full/CV_Menon_July2025.docx,JOURNAL OF DEVELOPMENT ECONOMICS; JOURNAL OF ECONOMIC THEORY; name,"{""JOURNAL OF DEVELOPMENT ECONOMICS"": ""1"", ""JOURNAL OF ECONOMIC THEORY"": ""1"", ""name"": ""NIDHIYA MENON""}","{""JOURNAL OF DEVELOPMENT ECONOMICS"": ""0"", ""JOURNAL OF ECONOMIC THEORY"": ""0"", ""name"": ""Nidhi Menon""}"
Brandeis/full/RaphaelSchoenle_CV.docx,JOURNAL OF MONETARY ECONOMICS,"{""JOURNAL OF MONETARY ECONOMICS"": ""8""}","{""JOURNAL OF MONETARY ECONOMICS"": ""7""}"
Brandeis/full/gjh_cv_03_2025.docx,JOURNAL OF MONETARY ECONOMICS,"{""JOURNAL OF MONETARY ECONOMICS"": ""3""}","{""JOURNAL OF MONETARY ECONOMICS"": ""2""}"
CUNY/associate/Conning_CV_2021.docx,JOURNAL OF INTERNATIONAL ECONOMICS,"{""JOURNAL OF INTERNATIONAL ECONOMICS"": ""1""}","{""JOURNAL OF INTERNATIONAL ECONOMICS"": ""0""}"
CUNY/associate/Izhakian_cv.docx,AMERICAN ECONOMIC JOURNAL-APPLIED ECONOMICS; AMERICAN ECONOMIC REVIEW; name; promotion_university; promotion_year; years_post_phd,"{""AMERICAN ECONOMIC JOURNAL-APPLIED ECONOMICS"": ""1"", ""AMERICAN ECONOMIC REVIEW"": ""1"", ""name"": ""John A. Doe"", ""promotion_university"": ""University of California, Berkeley"", ""promotion_year"": ""2018.0"", ""years_post_phd"": ""5.0""}","{""AMERICAN ECONOMIC JOURNAL-APPLIED ECONOMICS"": ""0"", ""AMERICAN ECONOMIC REVIEW"": ""0"", ""name"": """", ""promotion_university"": """", ""promotion_year"": """", ""years_post_phd"": """"}"
CUNY/associate/KB-CV-2024-07-short.docx,promotion_university,"{""promotion_university"": ""Hunter College & The Graduate Center, City University of New York""}","{""promotion_university"": ""Hunter College, CUNY""}"
CUNY/associate/Lisa-George-CV-Short-2016_2.docx,AMERICAN ECONOMIC REVIEW; JOURNAL OF POLITICAL ECONOMY,"{""AMERICAN ECONOMIC REVIEW"": ""1"", ""JOURNAL OF POLITICAL ECONOMY"": ""1""}","{""AMERICAN ECONOMIC REVIEW"": ""0"", ""JOURNAL OF POLITICAL ECONOMY"": ""0""}"
CUNY/associate/McLaughlin-CV-2022-12.docx,JOURNAL OF LABOR ECONOMICS; years_post_phd,"{""JOURNAL OF LABOR ECONOMICS"": ""2"", ""years_post_phd"": """"}","{""JOURNAL OF LABOR ECONOMICS"": ""3"", ""years_post_phd"": ""14.0""}"
CUNY/associate/Nixvitae23revised.docx,promotion_university,"{""promotion_university"": ""Queens College (C.U.N.Y.)""}","{""promotion_university"": ""Queens College (CUNY)""}"
CUNY/associate/cv2022_pratap.docx,promotion_year; years_post_phd,"{""promotion_year"": ""2013.0"", ""years_post_phd"": ""15.0""}","{""promotion_year"": ""2006.0"", ""years_post_phd"": ""8.0""}"
CUNY/associate/kleinberg_cv.docx,AMERICAN ECONOMIC REVIEW; name; promotion_university; promotion_year; years_post_phd,"{""AMERICAN ECONOMIC REVIEW"": ""1"", ""name"": ""John A. List"", ""promotion_university"": ""University of Maryland"", ""promotion_year"": ""2002.0"", ""years_post_phd"": ""6.0""}","{""AMERICAN ECONOMIC REVIEW"": ""0"", ""name"": """", ""promotion_university"": """", ""promotion_year"": """", ""years_post_phd"": """"}"
CUNY/full/Chow_cv.docx,JOURNAL OF DEVELOPMENT ECONOMICS,"{""JOURNAL OF DEVELOPMENT ECONOMICS"": ""1""}","{""JOURNAL OF DEVELOPMENT ECONOMICS"": ""2""}"
CUNY/full/George-Vachadze-CV.docx,promotion_university,"{""promotion_university"": ""College of Staten Island (CSI), City University of New York (CUNY)""}","{""promotion_university"": ""College of Staten Island, City University of New York""}"
CUNY/full/Linda_cv.docx,AMERICAN ECONOMIC JOURNAL-APPLIED ECONOMICS; AMERICAN ECONOMIC REVIEW; name; promotion_university; promotion_year; years_post_phd,"{""AMERICAN ECONOMIC JOURNAL-APPLIED ECONOMICS"": ""1"", ""AMERICAN ECONOMIC REVIEW"": ""1"", ""name"": ""John A. Doe"", ""promotion_university"": ""University of California, Berkeley"", ""promotion_year"": ""2018.0"", ""years_post_phd"": ""6.0""}","{""AMERICAN ECONOMIC JOURNAL-APPLIED ECONOMICS"": ""0"", ""AMERICAN ECONOMIC REVIEW"": ""0"", ""name"": """", ""promotion_university"": """", ""promotion_year"": """", ""years_post_phd"": """"}"
CUNY/full/Liuren_Wu_CV.docx,JOURNAL OF ECONOMETRICS,"{""JOURNAL OF ECONOMETRICS"": ""1""}","{""JOURNAL OF ECONOMETRICS"": ""3""}"
CUNY/full/Matthew-Nagler-CV.docx,name; promotion_university; years_post_phd,"{""name"": ""Matthew Nagler"", ""promotion_university"": ""City College of New York"", ""years_post_phd"": """"}","{""name"": ""Marcus Nagler"", ""promotion_university"": ""Lehman College/CUNY"", ""years_post_phd"": ""15.0""}"
CUNY/full/Rodriguez_Planas_CV_Oct_2025.docx,JOURNAL OF PUBLIC ECONOMICS,"{""JOURNAL OF PUBLIC ECONOMICS"": ""2""}","{""JOURNAL OF PUBLIC ECONOMICS"": ""3""}"
CUNY/full/Roff-CV.docx,name,"{""name"": ""Jennifer Roff""}","{""name"": ""Elizabeth O. Ananat""}"
CUNY/full/Schwartz-CV.docx,JOURNAL OF POLITICAL ECONOMY; name,"{""JOURNAL OF POLITICAL ECONOMY"": ""2"", ""name"": ""Robert A Schwartz""}","{""JOURNAL OF POLITICAL ECONOMY"": ""1"", ""name"": ""Robert A. Schwartz""}"
CUNY/full/belfield-cv.docx,ECONOMIC JOURNAL; promotion_university; promotion_year,"{""ECONOMIC JOURNAL"": ""1"", ""promotion_university"": """", ""promotion_year"": """"}","{""ECONOMIC JOURNAL"": ""0"", ""promotion_university"": ""Queens College, City University of New York"", ""promotion_year"": ""2008.0""}"
CUNY/full/christos_cv.docx,AMERICAN ECONOMIC REVIEW; name; promotion_university; promotion_year; years_post_phd,"{""AMERICAN ECONOMIC REVIEW"": ""1"", ""name"": ""John A. Doe"", ""promotion_university"": ""University of California, Berkeley"", ""promotion_year"": ""2018.0"", ""years_post_phd"": ""6.0""}","{""AMERICAN ECONOMIC REVIEW"": ""0"", ""name"": """", ""promotion_university"": """", ""promotion_year"": """", ""years_post_phd"": """"}"
CUNY/full/corak-cv-january-2019.docx,JOURNAL OF LABOR ECONOMICS,"{""JOURNAL OF LABOR ECONOMICS"": ""3""}","{""JOURNAL OF LABOR ECONOMICS"": ""2""}"
CUNY/full/cv-Haeringer.docx,JOURNAL OF ECONOMIC THEORY,"{""JOURNAL OF ECONOMIC THEORY"": ""5""}","{""JOURNAL OF ECONOMIC THEORY"": ""4""}"
CUNY/full/cv-deb.docx,JOURNAL OF ECONOMETRICS,"{""JOURNAL OF ECONOMETRICS"": ""1""}","{""JOURNAL OF ECONOMETRICS"": ""3""}"
CUNY/full/cv_linpeng.docx,AMERICAN ECONOMIC REVIEW; promotion_university,"{""AMERICAN ECONOMIC REVIEW"": ""0"", ""promotion_university"": ""Zicklin School of Business, Baruch College, City University of New York""}","{""AMERICAN ECONOMIC REVIEW"": ""1"", ""promotion_university"": ""Baruch College, City University of New York""}"
CUNY/full/hovakimian.docx,AMERICAN ECONOMIC JOURNAL-APPLIED ECONOMICS; AMERICAN ECONOMIC REVIEW; name; promotion_university; promotion_year; years_post_phd,"{""AMERICAN ECONOMIC JOURNAL-APPLIED ECONOMICS"": ""1"", ""AMERICAN ECONOMIC REVIEW"": ""1"", ""name"": ""John A. Doe"", ""promotion_university"": ""University of California, Berkeley"", ""promotion_year"": ""2018.0"", ""years_post_phd"": ""5.0""}","{""AMERICAN ECONOMIC JOURNAL-APPLIED ECONOMICS"": ""0"", ""AMERICAN ECONOMIC REVIEW"": ""0"", ""name"": """", ""promotion_university"": """", ""promotion_year"": """", ""years_post_phd"": """"}"
CUNY/full/kai-fai-ma_cv.docx,AMERICAN ECONOMIC JOURNAL-APPLIED ECONOMICS; AMERICAN ECONOMIC REVIEW; name; promotion_university; promotion_year; years_post_phd,"{""AMERICAN ECONOMIC JOURNAL-APPLIED ECONOMICS"": ""1"", ""AMERICAN ECONOMIC REVIEW"": ""1"", ""name"": ""John A. Doe"", ""promotion_university"": ""University of California, Berkeley"", ""promotion_year"": ""2018.0"", ""years_post_phd"": ""6.0""}","{""AMERICAN ECONOMIC JOURNAL-APPLIED ECONOMICS"": ""0"", ""AMERICAN ECONOMIC REVIEW"": ""0"", ""name"": """", ""promotion_university"": """", ""promotion_year"": """", ""years_post_phd"": """"}"
CUNY/full/merih-uctum-cv.docx,ECONOMIC JOURNAL; promotion_university; promotion_year,"{""ECONOMIC JOURNAL"": ""1"", ""promotion_university"": """", ""promotion_year"": """"}","{""ECONOMIC JOURNAL"": ""0"", ""promotion_university"": ""The Graduate Center and Brooklyn College, CUNY"", ""promotion_year"": ""1996.0""}"
CUNY/full/remler_cv.docx,AMERICAN ECONOMIC REVIEW; name; promotion_university; promotion_year; years_post_phd,"{""AMERICAN ECONOMIC REVIEW"": ""1"", ""name"": ""John A. Doe"", ""promotion_university"": ""University of California, Berkeley"", ""promotion_year"": ""2018.0"", ""years_post_phd"": ""6.0""}","{""AMERICAN ECONOMIC REVIEW"": ""0"", ""name"": """", ""promotion_university"": """", ""promotion_year"": """", ""years_post_phd"": """"}"
CUNY/full/white_cv.docx,promotion_university; promotion_year; years_post_phd,"{""promotion_university"": ""College of Staten Island/City University of New York (CUNY)"", ""promotion_year"": ""2006.0"", ""years_post_phd"": ""9.0""}","{""promotion_university"": ""College of Staten Island/CUNY"", ""promotion_year"": ""2003.0"", ""years_post_phd"": ""6.0""}"
Claremont/full/Robert-Klitgaard-CV-July-2023.docx,AMERICAN ECONOMIC JOURNAL-APPLIED ECONOMICS; AMERICAN ECONOMIC JOURNAL-ECONOMIC POLICY; AMERICAN ECONOMIC JOURNAL-MACROECONOMICS; AMERICAN ECONOMIC JOURNAL-MICROECONOMICS; AMERICAN ECONOMIC REVIEW; ECONOMETRICA; ECONOMIC JOURNAL; INTERNATIONAL ECONOMIC REVIEW; JOURNAL OF DEVELOPMENT ECONOMICS; JOURNAL OF ECONOMETRICS; JOURNAL OF ECONOMIC THEORY; JOURNAL OF INTERNATIONAL ECONOMICS; JOURNAL OF LABOR ECONOMICS; JOURNAL OF MONETARY ECONOMICS; JOURNAL OF POLITICAL ECONOMY; JOURNAL OF PUBLIC ECONOMICS; JOURNAL OF THE EUROPEAN ECONOMIC ASSOCIATION; QUANTITATIVE ECONOMICS; QUARTERLY JOURNAL OF ECONOMICS; RAND JOURNAL OF ECONOMICS; REVIEW OF ECONOMIC STUDIES; REVIEW OF ECONOMICS AND STATISTICS; THEORETICAL ECONOMICS; name; promotion_university; promotion_year,"{""AMERICAN ECONOMIC JOURNAL-APPLIED ECONOMICS"": ""0"", ""AMERICAN ECONOMIC JOURNAL-ECONOMIC POLICY"": ""0"", ""AMERICAN ECONOMIC JOURNAL-MACROECONOMICS"": ""0"", ""AMERICAN ECONOMIC JOURNAL-MICROECONOMICS"": ""0"", ""AMERICAN ECONOMIC REVIEW"": ""0"", ""ECONOMETRICA"": ""0"", ""ECONOMIC JOURNAL"": ""0"", ""INTERNATIONAL ECONOMIC REVIEW"": ""0"", ""JOURNAL OF DEVELOPMENT ECONOMICS"": ""0"", ""JOURNAL OF ECONOMETRICS"": ""0"", ""JOURNAL OF ECONOMIC THEORY"": ""0"", ""JOURNAL OF INTERNATIONAL ECONOMICS"": ""0"", ""JOURNAL OF LABOR ECONOMICS"": ""0"", ""JOURNAL OF MONETARY ECONOMICS"": ""0"", ""JOURNAL OF POLITICAL ECONOMY"": ""0"", ""JOURNAL OF PUBLIC ECONOMICS"": ""0"", ""JOURNAL OF THE EUROPEAN ECONOMIC ASSOCIATION"": ""0"", ""QUANTITATIVE ECONOMICS"": ""0"", ""QUARTERLY JOURNAL OF ECONOMICS"": ""0"", ""RAND JOURNAL OF ECONOMICS"": ""0"", ""REVIEW OF ECONOMIC STUDIES"": ""0"", ""REVIEW OF ECONOMICS AND STATISTICS"": ""0"", ""THEORETICAL ECONOMICS"": ""0"", ""name"": ""Robert Klitgaard"", ""promotion_university"": ""Harvard University"", ""promotion_year"": ""1977.0""}","{""AMERICAN ECONOMIC JOURNAL-APPLIED ECONOMICS"": """", ""AMERICAN ECONOMIC JOURNAL-ECONOMIC POLICY"": """", ""AMERICAN ECONOMIC JOURNAL-MACROECONOMICS"": """", ""AMERICAN ECONOMIC JOURNAL-MICROECONOMICS"": """", ""AMERICAN ECONOMIC REVIEW"": """", ""ECONOMETRICA"": """", ""ECONOMIC JOURNAL"": """", ""INTERNATIONAL ECONOMIC REVIEW"": """", ""JOURNAL OF DEVELOPMENT ECONOMICS"": """", ""JOURNAL OF ECONOMETRICS"": """", ""JOURNAL OF ECONOMIC THEORY"": """", ""JOURNAL OF INTERNATIONAL ECONOMICS"": """", ""JOURNAL OF LABOR ECONOMICS"": """", ""JOURNAL OF MONETARY ECONOMICS"": """", ""JOURNAL OF POLITICAL ECONOMY"": """", ""JOURNAL OF PUBLIC ECONOMICS"": """", ""JOURNAL OF THE EUROPEAN ECONOMIC ASSOCIATION"": """", ""QUANTITATIVE ECONOMICS"": """", ""QUARTERLY JOURNAL OF ECONOMICS"": """", ""RAND JOURNAL OF ECONOMICS"": """", ""REVIEW OF ECONOMIC STUDIES"": """", ""REVIEW OF ECONOMICS AND STATISTICS"": """", ""THEORETICAL ECONOMICS"": """", ""name"": """", ""promotion_university"": """", ""promotion_year"": """"}"
Emory/associate/CV Sep 2024.docx,years_post_phd,"{""years_post_phd"": """"}","{""years_post_phd"": ""11.0""}"
Emory/associate/CV.docx,JOURNAL OF ECONOMIC THEORY,"{""JOURNAL OF ECONOMIC THEORY"": ""0""}","{""JOURNAL OF ECONOMIC THEORY"": ""1""}"
Emory/associate/CV_Karbownik_August_2025.docx,AMERICAN ECONOMIC REVIEW; ECONOMIC JOURNAL; JOURNAL OF LABOR ECONOMICS,"{""AMERICAN ECONOMIC REVIEW"": ""2"", ""ECONOMIC JOURNAL"": ""2"", ""JOURNAL OF LABOR ECONOMICS"": ""2""}","{""AMERICAN ECONOMIC REVIEW"": ""1"", ""ECONOMIC JOURNAL"": ""1"", ""JOURNAL OF LABOR ECONOMICS"": ""1""}"
Emory/associate/MatthewGrennan_CV_Aug 2025.docx,AMERICAN ECONOMIC REVIEW,"{""AMERICAN ECONOMIC REVIEW"": ""2""}","{""AMERICAN ECONOMIC REVIEW"": ""3""}"
Emory/associate/cv-2.docx,AMERICAN ECONOMIC JOURNAL-MICROECONOMICS; name,"{""AMERICAN ECONOMIC JOURNAL-MICROECONOMICS"": ""0"", ""name"": ""Pedro H. C. Sant\u2019Anna""}","{""AMERICAN ECONOMIC JOURNAL-MICROECONOMICS"": ""1"", ""name"": ""Pedro H. C. Sant'Anna""}"
Emory/full/CV_Maasoumi August 2024.docx,JOURNAL OF ECONOMETRICS; JOURNAL OF POLITICAL ECONOMY; REVIEW OF ECONOMIC STUDIES,"{""JOURNAL OF ECONOMETRICS"": ""3"", ""JOURNAL OF POLITICAL ECONOMY"": ""1"", ""REVIEW OF ECONOMIC STUDIES"": ""2""}","{""JOURNAL OF ECONOMETRICS"": ""11"", ""JOURNAL OF POLITICAL ECONOMY"": ""2"", ""REVIEW OF ECONOMIC STUDIES"": ""1""}"
Emory/full/CV_Sep2024.docx,JOURNAL OF ECONOMIC THEORY,"{""JOURNAL OF ECONOMIC THEORY"": ""1""}","{""JOURNAL OF ECONOMIC THEORY"": ""2""}"
Emory/full/CV_YUE2024.docx,JOURNAL OF INTERNATIONAL ECONOMICS,"{""JOURNAL OF INTERNATIONAL ECONOMICS"": ""4""}","{""JOURNAL OF INTERNATIONAL ECONOMICS"": ""3""}"
Emory/full/ResumeSept23.docx,JOURNAL OF ECONOMETRICS,"{""JOURNAL OF ECONOMETRICS"": ""5""}","{""JOURNAL OF ECONOMETRICS"": ""12""}"
Emory/full/Rubio-Ramirez-CV.docx,AMERICAN ECONOMIC REVIEW; JOURNAL OF ECONOMETRICS; JOURNAL OF MONETARY ECONOMICS; REVIEW OF ECONOMIC STUDIES,"{""AMERICAN ECONOMIC REVIEW"": ""3"", ""JOURNAL OF ECONOMETRICS"": ""3"", ""JOURNAL OF MONETARY ECONOMICS"": ""3"", ""REVIEW OF ECONOMIC STUDIES"": ""4""}","{""AMERICAN ECONOMIC REVIEW"": ""2"", ""JOURNAL OF ECONOMETRICS"": ""4"", ""JOURNAL OF MONETARY ECONOMICS"": ""4"", ""REVIEW OF ECONOMIC STUDIES"": ""5""}"
Emory/full/alexisakira_toda_CV.docx,JOURNAL OF ECONOMIC THEORY,"{""JOURNAL OF ECONOMIC THEORY"": ""3""}","{""JOURNAL OF ECONOMIC THEORY"": ""4""}"
Emory/full/engCV2.docx,AMERICAN ECONOMIC REVIEW; JOURNAL OF ECONOMETRICS,"{""AMERICAN ECONOMIC REVIEW"": ""0"", ""JOURNAL OF ECONOMETRICS"": ""2""}","{""AMERICAN ECONOMIC REVIEW"": ""1"", ""JOURNAL OF ECONOMETRICS"": ""4""}"
Emory/full/google_vitae.docx,REVIEW OF ECONOMIC STUDIES,"{""REVIEW OF ECONOMIC STUDIES"": ""3""}","{""REVIEW OF ECONOMIC STUDIES"": ""2""}"
Emory/full/vita.docx,AMERICAN ECONOMIC REVIEW,"{""AMERICAN ECONOMIC REVIEW"": ""1""}","{""AMERICAN ECONOMIC REVIEW"": ""0""}"
Emory/full/vitae_zha.docx,JOURNAL OF ECONOMETRICS; JOURNAL OF MONETARY ECONOMICS; QUANTITATIVE ECONOMICS; promotion_university; promotion_year; years_post_phd,"{""JOURNAL OF ECONOMETRICS"": ""4"", ""JOURNAL OF MONETARY ECONOMICS"": ""3"", ""QUANTITATIVE ECONOMICS"": ""2"", ""promotion_university"": """", ""promotion_year"": """", ""years_post_phd"": """"}","{""JOURNAL OF ECONOMETRICS"": ""6"", ""JOURNAL OF MONETARY ECONOMICS"": ""4"", ""QUANTITATIVE ECONOMICS"": ""3"", ""promotion_university"": ""University of Saskatchewan"", ""promotion_year"": ""1992.0"", ""years_post_phd"": ""0.0""}"
Emory/full/web_cv_markowitz_7_25.docx,AMERICAN ECONOMIC REVIEW,"{""AMERICAN ECONOMIC REVIEW"": ""0""}","{""AMERICAN ECONOMIC REVIEW"": ""1""}"
GWU/full/Academic_CV_ Pelzman_September _2019 - Joseph Pelzman.docx,AMERICAN ECONOMIC REVIEW,"{""AMERICAN ECONOMIC REVIEW"": ""0""}","{""AMERICAN ECONOMIC REVIEW"": ""1""}"
GWU/full/CV Remi Jedwab 11132025 web.docx,AMERICAN ECONOMIC JOURNAL-MACROECONOMICS,"{""AMERICAN ECONOMIC JOURNAL-MACROECONOMICS"": ""2""}","{""AMERICAN ECONOMIC JOURNAL-MACROECONOMICS"": ""1""}"
GWU/full/CarrilloCurrentCV.docx,JOURNAL OF PUBLIC ECONOMICS,"{""JOURNAL OF PUBLIC ECONOMICS"": ""1""}","{""JOURNAL OF PUBLIC ECONOMICS"": ""2""}"
GWU/full/JayShambaughCV-2-22.docx,AMERICAN ECONOMIC REVIEW,"{""AMERICAN ECONOMIC REVIEW"": ""1""}","{""AMERICAN ECONOMIC REVIEW"": ""2""}"
GWU/full/Kaminsky-CV.docx,JOURNAL OF INTERNATIONAL ECONOMICS; years_post_phd,"{""JOURNAL OF INTERNATIONAL ECONOMICS"": ""3"", ""years_post_phd"": """"}","{""JOURNAL OF INTERNATIONAL ECONOMICS"": ""4"", ""years_post_phd"": ""7.0""}"
GWU/full/chris_sleet_cv.docx,AMERICAN ECONOMIC REVIEW; REVIEW OF ECONOMIC STUDIES; promotion_university; promotion_year; years_post_phd,"{""AMERICAN ECONOMIC REVIEW"": ""2"", ""REVIEW OF ECONOMIC STUDIES"": ""3"", ""promotion_university"": """", ""promotion_year"": """", ""years_post_phd"": """"}","{""AMERICAN ECONOMIC REVIEW"": ""3"", ""REVIEW OF ECONOMIC STUDIES"": ""2"", ""promotion_university"": ""University of Iowa"", ""promotion_year"": ""2006.0"", ""years_post_phd"": ""8.0""}"
GWU/full/samaniegocv.docx,JOURNAL OF MONETARY ECONOMICS,"{""JOURNAL OF MONETARY ECONOMICS"": ""2""}","{""JOURNAL OF MONETARY ECONOMICS"": ""1""}"
Georgetown/full/CPCVita.docx,AMERICAN ECONOMIC JOURNAL-MICROECONOMICS; INTERNATIONAL ECONOMIC REVIEW; THEORETICAL ECONOMICS; promotion_university; promotion_year; years_post_phd,"{""AMERICAN ECONOMIC JOURNAL-MICROECONOMICS"": ""4"", ""INTERNATIONAL ECONOMIC REVIEW"": ""2"", ""THEORETICAL ECONOMICS"": ""5"", ""promotion_university"": ""University of California San Diego"", ""promotion_year"": ""2010.0"", ""years_post_phd"": ""7.0""}","{""AMERICAN ECONOMIC JOURNAL-MICROECONOMICS"": ""5"", ""INTERNATIONAL ECONOMIC REVIEW"": ""1"", ""THEORETICAL ECONOMICS"": ""3"", ""promotion_university"": ""California Institute of Technology"", ""promotion_year"": ""2006.0"", ""years_post_phd"": ""3.0""}"
Georgetown/full/CV 23.docx,JOURNAL OF ECONOMETRICS; QUANTITATIVE ECONOMICS,"{""JOURNAL OF ECONOMETRICS"": ""4"", ""QUANTITATIVE ECONOMICS"": ""1""}","{""JOURNAL OF ECONOMETRICS"": ""7"", ""QUANTITATIVE ECONOMICS"": ""2""}"
Georgetown/full/CV_GU_251020.docx,JOURNAL OF ECONOMETRICS; REVIEW OF ECONOMIC STUDIES,"{""JOURNAL OF ECONOMETRICS"": ""5"", ""REVIEW OF ECONOMIC STUDIES"": ""3""}","{""JOURNAL OF ECONOMETRICS"": ""6"", ""REVIEW OF ECONOMIC STUDIES"": ""2""}"
Georgetown/full/Mayda CV.docx,REVIEW OF ECONOMICS AND STATISTICS,"{""REVIEW OF ECONOMICS AND STATISTICS"": ""3""}","{""REVIEW OF ECONOMICS AND STATISTICS"": ""2""}"
Georgetown/full/Renee Bowen CV 02202025.docx,QUARTERLY JOURNAL OF ECONOMICS,"{""QUARTERLY JOURNAL OF ECONOMICS"": ""2""}","{""QUARTERLY JOURNAL OF ECONOMICS"": ""1""}"
Georgetown/full/Roger Lagunoff - CV.docx,ECONOMETRICA; INTERNATIONAL ECONOMIC REVIEW; JOURNAL OF ECONOMIC THEORY; REVIEW OF ECONOMIC STUDIES,"{""ECONOMETRICA"": ""2"", ""INTERNATIONAL ECONOMIC REVIEW"": ""4"", ""JOURNAL OF ECONOMIC THEORY"": ""4"", ""REVIEW OF ECONOMIC STUDIES"": ""4""}","{""ECONOMETRICA"": ""1"", ""INTERNATIONAL ECONOMIC REVIEW"": ""3"", ""JOURNAL OF ECONOMIC THEORY"": ""1"", ""REVIEW OF ECONOMIC STUDIES"": ""3""}"
Georgetown/full/SchwartzCV-Sept2025.docx,AMERICAN ECONOMIC REVIEW; ECONOMIC JOURNAL; INTERNATIONAL ECONOMIC REVIEW; RAND JOURNAL OF ECONOMICS,"{""AMERICAN ECONOMIC REVIEW"": ""4"", ""ECONOMIC JOURNAL"": ""1"", ""INTERNATIONAL ECONOMIC REVIEW"": ""0"", ""RAND JOURNAL OF ECONOMICS"": ""3""}","{""AMERICAN ECONOMIC REVIEW"": ""3"", ""ECONOMIC JOURNAL"": ""0"", ""INTERNATIONAL ECONOMIC REVIEW"": ""1"", ""RAND JOURNAL OF ECONOMICS"": ""2""}"
Georgetown/full/VITA.docx,JOURNAL OF MONETARY ECONOMICS; promotion_university; promotion_year; years_post_phd,"{""JOURNAL OF MONETARY ECONOMICS"": ""5"", ""promotion_university"": """", ""promotion_year"": """", ""years_post_phd"": """"}","{""JOURNAL OF MONETARY ECONOMICS"": ""4"", ""promotion_university"": ""Georgetown University"", ""promotion_year"": ""1999.0"", ""years_post_phd"": ""8.0""}"
Georgetown/full/VITAE.docx,AMERICAN ECONOMIC REVIEW; ECONOMIC JOURNAL; JOURNAL OF MONETARY ECONOMICS,"{""AMERICAN ECONOMIC REVIEW"": ""2"", ""ECONOMIC JOURNAL"": ""3"", ""JOURNAL OF MONETARY ECONOMICS"": ""5""}","{""AMERICAN ECONOMIC REVIEW"": ""1"", ""ECONOMIC JOURNAL"": ""2"", ""JOURNAL OF MONETARY ECONOMICS"": ""6""}"
Georgetown/full/cv.docx,AMERICAN ECONOMIC JOURNAL-MACROECONOMICS; JOURNAL OF ECONOMIC THEORY; JOURNAL OF MONETARY ECONOMICS,"{""AMERICAN ECONOMIC JOURNAL-MACROECONOMICS"": ""2"", ""JOURNAL OF ECONOMIC THEORY"": ""1"", ""JOURNAL OF MONETARY ECONOMICS"": ""2""}","{""AMERICAN ECONOMIC JOURNAL-MACROECONOMICS"": ""3"", ""JOURNAL OF ECONOMIC THEORY"": ""2"", ""JOURNAL OF MONETARY ECONOMICS"": ""3""}"
Georgetown/full/miller-vita.docx,AMERICAN ECONOMIC REVIEW; RAND JOURNAL OF ECONOMICS,"{""AMERICAN ECONOMIC REVIEW"": ""2"", ""RAND JOURNAL OF ECONOMICS"": ""3""}","{""AMERICAN ECONOMIC REVIEW"": ""1"", ""RAND JOURNAL OF ECONOMICS"": ""2""}"
Georgetown/full/mv_04_25.docx,AMERICAN ECONOMIC JOURNAL-ECONOMIC POLICY; INTERNATIONAL ECONOMIC REVIEW; JOURNAL OF INTERNATIONAL ECONOMICS,"{""AMERICAN ECONOMIC JOURNAL-ECONOMIC POLICY"": ""2"", ""INTERNATIONAL ECONOMIC REVIEW"": ""1"", ""JOURNAL OF INTERNATIONAL ECONOMICS"": ""9""}","{""AMERICAN ECONOMIC JOURNAL-ECONOMIC POLICY"": ""3"", ""INTERNATIONAL ECONOMIC REVIEW"": ""2"", ""JOURNAL OF INTERNATIONAL ECONOMICS"": ""11""}"
Georgetown/full/vita-2.docx,JOURNAL OF INTERNATIONAL ECONOMICS; JOURNAL OF PUBLIC ECONOMICS; REVIEW OF ECONOMICS AND STATISTICS,"{""JOURNAL OF INTERNATIONAL ECONOMICS"": ""0"", ""JOURNAL OF PUBLIC ECONOMICS"": ""3"", ""REVIEW OF ECONOMICS AND STATISTICS"": ""3""}","{""JOURNAL OF INTERNATIONAL ECONOMICS"": ""1"", ""JOURNAL OF PUBLIC ECONOMICS"": ""4"", ""REVIEW OF ECONOMICS AND STATISTICS"": ""1""}"
Georgetown/full/vitashort.docx,INTERNATIONAL ECONOMIC REVIEW,"{""INTERNATIONAL ECONOMIC REVIEW"": ""2""}","{""INTERNATIONAL ECONOMIC REVIEW"": ""1""}"
Georgia State/associate/CV_Benjamin-Marx_2024.docx,name; promotion_university; promotion_year,"{""name"": ""Not Provided"", ""promotion_university"": """", ""promotion_year"": """"}","{""name"": ""Benjamin Marx"", ""promotion_university"": ""University of Illinois at Urbana-Champaign"", ""promotion_year"": ""2013.0""}"
Georgia State/associate/CV_Goncalo-Monteiro_2022.docx,promotion_university; promotion_year; years_post_phd,"{""promotion_university"": """", ""promotion_year"": """", ""years_post_phd"": """"}","{""promotion_university"": ""SUNY, University at Buffalo"", ""promotion_year"": ""2008.0"", ""years_post_phd"": ""4.0""}"
Georgia State/associate/CV_Jonathan-Smith_2023.docx,AMERICAN ECONOMIC JOURNAL-ECONOMIC POLICY; JOURNAL OF LABOR ECONOMICS,"{""AMERICAN ECONOMIC JOURNAL-ECONOMIC POLICY"": ""2"", ""JOURNAL OF LABOR ECONOMICS"": ""3""}","{""AMERICAN ECONOMIC JOURNAL-ECONOMIC POLICY"": ""3"", ""JOURNAL OF LABOR ECONOMICS"": ""2""}"
Georgia State/full/CV_Alberto-Chong_2022.docx,JOURNAL OF PUBLIC ECONOMICS; JOURNAL OF THE EUROPEAN ECONOMIC ASSOCIATION; promotion_university; promotion_year; years_post_phd,"{""JOURNAL OF PUBLIC ECONOMICS"": ""4"", ""JOURNAL OF THE EUROPEAN ECONOMIC ASSOCIATION"": ""2"", ""promotion_university"": """", ""promotion_year"": """", ""years_post_phd"": """"}","{""JOURNAL OF PUBLIC ECONOMICS"": ""3"", ""JOURNAL OF THE EUROPEAN ECONOMIC ASSOCIATION"": ""1"", ""promotion_university"": ""University of Ottawa"", ""promotion_year"": ""2012.0"", ""years_post_phd"": ""19.0""}"
Georgia State/full/CV_David-Ribar_2023.docx,AMERICAN ECONOMIC REVIEW,"{""AMERICAN ECONOMIC REVIEW"": ""1""}","{""AMERICAN ECONOMIC REVIEW"": ""0""}"
Georgia State/full/CV_James-Cox_2023.docx,ECONOMIC JOURNAL; JOURNAL OF ECONOMIC THEORY; promotion_university,"{""ECONOMIC JOURNAL"": ""1"", ""JOURNAL OF ECONOMIC THEORY"": ""2"", ""promotion_university"": ""University of Arizona""}","{""ECONOMIC JOURNAL"": ""2"", ""JOURNAL OF ECONOMIC THEORY"": ""1"", ""promotion_university"": ""University of Massachusetts at Amherst""}"
Georgia State/full/CV_James-Marton_2022.docx,JOURNAL OF PUBLIC ECONOMICS,"{""JOURNAL OF PUBLIC ECONOMICS"": ""0""}","{""JOURNAL OF PUBLIC ECONOMICS"": ""2""}"
Georgia State/full/CV_Rusty-Tchernis_2022.docx,JOURNAL OF ECONOMETRICS,"{""JOURNAL OF ECONOMETRICS"": ""1""}","{""JOURNAL OF ECONOMETRICS"": ""2""}"
Georgia State/full/CV_Shiferaw-Gurmu_2017.docx,JOURNAL OF ECONOMETRICS; JOURNAL OF ECONOMIC THEORY,"{""JOURNAL OF ECONOMETRICS"": ""1"", ""JOURNAL OF ECONOMIC THEORY"": ""1""}","{""JOURNAL OF ECONOMETRICS"": ""3"", ""JOURNAL OF ECONOMIC THEORY"": ""0""}"
Georgia State/full/CV_Thomas-Mroz_2022.docx,JOURNAL OF ECONOMETRICS,"{""JOURNAL OF ECONOMETRICS"": ""1""}","{""JOURNAL OF ECONOMETRICS"": ""2""}"
Georgia State/full/CV_Vjollca-Sadiraj_2024.docx,promotion_university; promotion_year; years_post_phd,"{""promotion_university"": """", ""promotion_year"": """", ""years_post_phd"": """"}","{""promotion_university"": ""Georgia State University"", ""promotion_year"": ""2023.0"", ""years_post_phd"": ""21.0""}"
Georgia State/full/CV_Yongsheng-Xu_2009.docx,JOURNAL OF ECONOMIC THEORY,"{""JOURNAL OF ECONOMIC THEORY"": ""4""}","{""JOURNAL OF ECONOMIC THEORY"": ""3""}"
Georgia Tech/associate/1d4764eb-ad63-5239-ab61-57c264086f16.docx,promotion_university; promotion_year,"{""promotion_university"": """", ""promotion_year"": """"}","{""promotion_university"": ""Georgia Institute of Technology"", ""promotion_year"": ""2013.0""}"
Georgia Tech/associate/60e67039-0ce4-54b4-a654-427065c0fa84.docx,AMERICAN ECONOMIC REVIEW; JOURNAL OF DEVELOPMENT ECONOMICS,"{""AMERICAN ECONOMIC REVIEW"": ""0"", ""JOURNAL OF DEVELOPMENT ECONOMICS"": ""1""}","{""AMERICAN ECONOMIC REVIEW"": ""1"", ""JOURNAL OF DEVELOPMENT ECONOMICS"": ""2""}"
Georgia Tech/full/besedes-cv.docx,JOURNAL OF INTERNATIONAL ECONOMICS,"{""JOURNAL OF INTERNATIONAL ECONOMICS"": ""3""}","{""JOURNAL OF INTERNATIONAL ECONOMICS"": ""4""}"
Georgia Tech/full/cv.docx,promotion_university,"{""promotion_university"": ""The Claremont Graduate School""}","{""promotion_university"": ""Duke University""}"
Georgia Tech/full/fe161b52-7155-5aa6-8ec0-d30e4f9554ed.docx,AMERICAN ECONOMIC JOURNAL-APPLIED ECONOMICS; AMERICAN ECONOMIC JOURNAL-ECONOMIC POLICY; AMERICAN ECONOMIC JOURNAL-MACROECONOMICS; AMERICAN ECONOMIC JOURNAL-MICROECONOMICS; AMERICAN ECONOMIC REVIEW; ECONOMETRICA; ECONOMIC JOURNAL; INTERNATIONAL ECONOMIC REVIEW; JOURNAL OF DEVELOPMENT ECONOMICS; JOURNAL OF ECONOMETRICS; JOURNAL OF ECONOMIC THEORY; JOURNAL OF INTERNATIONAL ECONOMICS; JOURNAL OF LABOR ECONOMICS; JOURNAL OF MONETARY ECONOMICS; JOURNAL OF POLITICAL ECONOMY; JOURNAL OF PUBLIC ECONOMICS; JOURNAL OF THE EUROPEAN ECONOMIC ASSOCIATION; QUANTITATIVE ECONOMICS; QUARTERLY JOURNAL OF ECONOMICS; RAND JOURNAL OF ECONOMICS; REVIEW OF ECONOMIC STUDIES; REVIEW OF ECONOMICS AND STATISTICS; THEORETICAL ECONOMICS; name; promotion_university; promotion_year; years_post_phd,"{""AMERICAN ECONOMIC JOURNAL-APPLIED ECONOMICS"": ""0"", ""AMERICAN ECONOMIC JOURNAL-ECONOMIC POLICY"": ""0"", ""AMERICAN ECONOMIC JOURNAL-MACROECONOMICS"": ""0"", ""AMERICAN ECONOMIC JOURNAL-MICROECONOMICS"": ""0"", ""AMERICAN ECONOMIC REVIEW"": ""0"", ""ECONOMETRICA"": ""0"", ""ECONOMIC JOURNAL"": ""0"", ""INTERNATIONAL ECONOMIC REVIEW"": ""0"", ""JOURNAL OF DEVELOPMENT ECONOMICS"": ""2"", ""JOURNAL OF ECONOMETRICS"": ""0"", ""JOURNAL OF ECONOMIC THEORY"": ""0"", ""JOURNAL OF INTERNATIONAL ECONOMICS"": ""0"", ""JOURNAL OF LABOR ECONOMICS"": ""0"", ""JOURNAL OF MONETARY ECONOMICS"": ""0"", ""JOURNAL OF POLITICAL ECONOMY"": ""0"", ""JOURNAL OF PUBLIC ECONOMICS"": ""0"", ""JOURNAL OF THE EUROPEAN ECONOMIC ASSOCIATION"": ""0"", ""QUANTITATIVE ECONOMICS"": ""0"", ""QUARTERLY JOURNAL OF ECONOMICS"": ""0"", ""RAND JOURNAL OF ECONOMICS"": ""0"", ""REVIEW OF ECONOMIC STUDIES"": ""0"", ""REVIEW OF ECONOMICS AND STATISTICS"": ""0"", ""THEORETICAL ECONOMICS"": ""0"", ""name"": ""Haizheng Li"", ""promotion_university"": ""Georgia Institute of Technology"", ""promotion_year"": ""2004.0"", ""years_post_phd"": ""7.0""}","{""AMERICAN ECONOMIC JOURNAL-APPLIED ECONOMICS"": """", ""AMERICAN ECONOMIC JOURNAL-ECONOMIC POLICY"": """", ""AMERICAN ECONOMIC JOURNAL-MACROECONOMICS"": """", ""AMERICAN ECONOMIC JOURNAL-MICROECONOMICS"": """", ""AMERICAN ECONOMIC REVIEW"": """", ""ECONOMETRICA"": """", ""ECONOMIC JOURNAL"": """", ""INTERNATIONAL ECONOMIC REVIEW"": """", ""JOURNAL OF DEVELOPMENT ECONOMICS"": """", ""JOURNAL OF ECONOMETRICS"": """", ""JOURNAL OF ECONOMIC THEORY"": """", ""JOURNAL OF INTERNATIONAL ECONOMICS"": """", ""JOURNAL OF LABOR ECONOMICS"": """", ""JOURNAL OF MONETARY ECONOMICS"": """", ""JOURNAL OF POLITICAL ECONOMY"": """", ""JOURNAL OF PUBLIC ECONOMICS"": """", ""JOURNAL OF THE EUROPEAN ECONOMIC ASSOCIATION"": """", ""QUANTITATIVE ECONOMICS"": """", ""QUARTERLY JOURNAL OF ECONOMICS"": """", ""RAND JOURNAL OF ECONOMICS"": """", ""REVIEW OF ECONOMIC STUDIES"": """", ""REVIEW OF ECONOMICS AND STATISTICS"": """", ""THEORETICAL ECONOMICS"": """", ""name"": """", ""promotion_university"": """", ""promotion_year"": """", ""years_post_phd"": """"}"
Indiana Bloomington/associate/CV_RULIXIAO.docx,JOURNAL OF ECONOMETRICS,"{""JOURNAL OF ECONOMETRICS"": ""4""}","{""JOURNAL OF ECONOMETRICS"": ""3""}"
Indiana Bloomington/associate/CV_mostafa.docx,JOURNAL OF INTERNATIONAL ECONOMICS; name,"{""JOURNAL OF INTERNATIONAL ECONOMICS"": ""2"", ""name"": """"}","{""JOURNAL OF INTERNATIONAL ECONOMICS"": ""3"", ""name"": ""MOSTAFA BESHKAR""}"
Indiana Bloomington/associate/cv_melo_emerson.docx,INTERNATIONAL ECONOMIC REVIEW; JOURNAL OF PUBLIC ECONOMICS,"{""INTERNATIONAL ECONOMIC REVIEW"": ""1"", ""JOURNAL OF PUBLIC ECONOMICS"": ""1""}","{""INTERNATIONAL ECONOMIC REVIEW"": ""2"", ""JOURNAL OF PUBLIC ECONOMICS"": ""0""}"
Indiana Bloomington/full/VITA_25_11.docx,JOURNAL OF MONETARY ECONOMICS,"{""JOURNAL OF MONETARY ECONOMICS"": ""2""}","{""JOURNAL OF MONETARY ECONOMICS"": ""1""}"
Indiana Bloomington/full/chang-cv.docx,JOURNAL OF ECONOMETRICS; QUANTITATIVE ECONOMICS,"{""JOURNAL OF ECONOMETRICS"": ""5"", ""QUANTITATIVE ECONOMICS"": ""1""}","{""JOURNAL OF ECONOMETRICS"": ""9"", ""QUANTITATIVE ECONOMICS"": ""2""}"
Indiana Bloomington/full/lueck-cv.docx,AMERICAN ECONOMIC REVIEW; promotion_university; promotion_year; years_post_phd,"{""AMERICAN ECONOMIC REVIEW"": ""1"", ""promotion_university"": ""Montana State University"", ""promotion_year"": ""1997.0"", ""years_post_phd"": ""10.0""}","{""AMERICAN ECONOMIC REVIEW"": ""2"", ""promotion_university"": ""Louisiana State University"", ""promotion_year"": ""1991.0"", ""years_post_phd"": ""4.0""}"
Indiana Bloomington/full/park-cv.docx,ECONOMETRICA; JOURNAL OF ECONOMETRICS,"{""ECONOMETRICA"": ""4"", ""JOURNAL OF ECONOMETRICS"": ""12""}","{""ECONOMETRICA"": ""5"", ""JOURNAL OF ECONOMETRICS"": ""17""}"
Iowa State/associate/Bunzel_H_2024_CV.docx,JOURNAL OF ECONOMIC THEORY,"{""JOURNAL OF ECONOMIC THEORY"": ""0""}","{""JOURNAL OF ECONOMIC THEORY"": ""1""}"
Iowa State/associate/Turhan_CV_0.docx,AMERICAN ECONOMIC REVIEW,"{""AMERICAN ECONOMIC REVIEW"": ""1""}","{""AMERICAN ECONOMIC REVIEW"": ""0""}"
Iowa State/full/Cordoba_CV_September_2025.docx,JOURNAL OF MONETARY ECONOMICS; REVIEW OF ECONOMIC STUDIES,"{""JOURNAL OF MONETARY ECONOMICS"": ""3"", ""REVIEW OF ECONOMIC STUDIES"": ""2""}","{""JOURNAL OF MONETARY ECONOMICS"": ""2"", ""REVIEW OF ECONOMIC STUDIES"": ""1""}"
Iowa State/full/John Winters CV August 2025.docx,JOURNAL OF LABOR ECONOMICS,"{""JOURNAL OF LABOR ECONOMICS"": ""1""}","{""JOURNAL OF LABOR ECONOMICS"": ""0""}"
Iowa State/full/LongVitae1.docx,JOURNAL OF ECONOMIC THEORY; name,"{""JOURNAL OF ECONOMIC THEORY"": ""0"", ""name"": ""Quinn Weninger""}","{""JOURNAL OF ECONOMIC THEORY"": ""1"", ""name"": ""Quinn Rone Arthur Weninger""}"
Iowa State/full/Moschini-CV-June 2025-short.docx,INTERNATIONAL ECONOMIC REVIEW; JOURNAL OF ECONOMETRICS,"{""INTERNATIONAL ECONOMIC REVIEW"": ""1"", ""JOURNAL OF ECONOMETRICS"": ""1""}","{""INTERNATIONAL ECONOMIC REVIEW"": ""2"", ""JOURNAL OF ECONOMETRICS"": ""2""}"
Iowa State/full/ORAZEM.docx,years_post_phd,"{""years_post_phd"": """"}","{""years_post_phd"": ""6.0""}"
Iowa State/full/RESUME.docx,JOURNAL OF DEVELOPMENT ECONOMICS; JOURNAL OF ECONOMIC THEORY; years_post_phd,"{""JOURNAL OF DEVELOPMENT ECONOMICS"": ""1"", ""JOURNAL OF ECONOMIC THEORY"": ""1"", ""years_post_phd"": """"}","{""JOURNAL OF DEVELOPMENT ECONOMICS"": ""0"", ""JOURNAL OF ECONOMIC THEORY"": ""0"", ""years_post_phd"": ""6.0""}"
Iowa State/full/Singh Rajesh cv 2024.docx,JOURNAL OF ECONOMIC THEORY,"{""JOURNAL OF ECONOMIC THEORY"": ""0""}","{""JOURNAL OF ECONOMIC THEORY"": ""1""}"
Iowa State/full/VitaJAHMay2019.docx,JOURNAL OF DEVELOPMENT ECONOMICS; years_post_phd,"{""JOURNAL OF DEVELOPMENT ECONOMICS"": ""0"", ""years_post_phd"": """"}","{""JOURNAL OF DEVELOPMENT ECONOMICS"": ""1"", ""years_post_phd"": ""5.0""}"
Iowa State/full/jbvita March 2024.docx,INTERNATIONAL ECONOMIC REVIEW; JOURNAL OF ECONOMIC THEORY,"{""INTERNATIONAL ECONOMIC REVIEW"": ""1"", ""JOURNAL OF ECONOMIC THEORY"": ""4""}","{""INTERNATIONAL ECONOMIC REVIEW"": ""2"", ""JOURNAL OF ECONOMIC THEORY"": ""2""}"
Michigan State/full/CV Kyoo il Kim.docx,JOURNAL OF ECONOMETRICS; JOURNAL OF ECONOMIC THEORY,"{""JOURNAL OF ECONOMETRICS"": ""1"", ""JOURNAL OF ECONOMIC THEORY"": ""1""}","{""JOURNAL OF ECONOMETRICS"": ""5"", ""JOURNAL OF ECONOMIC THEORY"": ""0""}"
Michigan State/full/CV_Eguia.docx,promotion_university,"{""promotion_university"": ""Michigan State University""}","{""promotion_university"": ""University of Bristol""}"
Michigan State/full/ElderCVcurrent.docx,AMERICAN ECONOMIC REVIEW,"{""AMERICAN ECONOMIC REVIEW"": ""1""}","{""AMERICAN ECONOMIC REVIEW"": ""0""}"
Michigan State/full/Revised-CV-PDF-Edits-0521.docx,years_post_phd,"{""years_post_phd"": """"}","{""years_post_phd"": ""11.0""}"
Michigan State/full/Stacy Dickert-Conlin - Curriculum Vitae.docx,AMERICAN ECONOMIC REVIEW,"{""AMERICAN ECONOMIC REVIEW"": ""1""}","{""AMERICAN ECONOMIC REVIEW"": ""0""}"
Michigan State/full/WoodburyCV(2025-10).docx,AMERICAN ECONOMIC REVIEW; JOURNAL OF LABOR ECONOMICS; JOURNAL OF PUBLIC ECONOMICS; REVIEW OF ECONOMICS AND STATISTICS,"{""AMERICAN ECONOMIC REVIEW"": ""3"", ""JOURNAL OF LABOR ECONOMICS"": ""1"", ""JOURNAL OF PUBLIC ECONOMICS"": ""1"", ""REVIEW OF ECONOMICS AND STATISTICS"": ""1""}","{""AMERICAN ECONOMIC REVIEW"": ""2"", ""JOURNAL OF LABOR ECONOMICS"": ""2"", ""JOURNAL OF PUBLIC ECONOMICS"": ""2"", ""REVIEW OF ECONOMICS AND STATISTICS"": ""2""}"
Michigan State/full/Zhu_CV_Sept2025.docx,AMERICAN ECONOMIC REVIEW,"{""AMERICAN ECONOMIC REVIEW"": ""1""}","{""AMERICAN ECONOMIC REVIEW"": ""0""}"
Michigan State/full/cv-current-Choi.docx,INTERNATIONAL ECONOMIC REVIEW; JOURNAL OF ECONOMIC THEORY; JOURNAL OF INTERNATIONAL ECONOMICS; RAND JOURNAL OF ECONOMICS,"{""INTERNATIONAL ECONOMIC REVIEW"": ""5"", ""JOURNAL OF ECONOMIC THEORY"": ""0"", ""JOURNAL OF INTERNATIONAL ECONOMICS"": ""1"", ""RAND JOURNAL OF ECONOMICS"": ""5""}","{""INTERNATIONAL ECONOMIC REVIEW"": ""4"", ""JOURNAL OF ECONOMIC THEORY"": ""1"", ""JOURNAL OF INTERNATIONAL ECONOMICS"": ""2"", ""RAND JOURNAL OF ECONOMICS"": ""6""}"
Michigan State/full/cv_ahlin.docx,name,"{""name"": ""Michigan State University, Department of Economics, East Lansing, MI Professor, July 2021 \u2013 present Associate Professor, July 2009 \u2013 June 2021 Assistant Professor, August 2007 \u2013 June 2009""}","{""name"": ""Peter D. Ahlin""}"
Michigan State/full/cv_davidson.docx,AMERICAN ECONOMIC REVIEW; INTERNATIONAL ECONOMIC REVIEW; JOURNAL OF INTERNATIONAL ECONOMICS; promotion_university; promotion_year; years_post_phd,"{""AMERICAN ECONOMIC REVIEW"": ""1"", ""INTERNATIONAL ECONOMIC REVIEW"": ""2"", ""JOURNAL OF INTERNATIONAL ECONOMICS"": ""3"", ""promotion_university"": """", ""promotion_year"": """", ""years_post_phd"": """"}","{""AMERICAN ECONOMIC REVIEW"": ""0"", ""INTERNATIONAL ECONOMIC REVIEW"": ""5"", ""JOURNAL OF INTERNATIONAL ECONOMICS"": ""5"", ""promotion_university"": ""Michigan State University"", ""promotion_year"": ""1982.0"", ""years_post_phd"": ""0.0""}"
Michigan State/full/cv_galvao.docx,JOURNAL OF ECONOMETRICS; promotion_university; promotion_year; years_post_phd,"{""JOURNAL OF ECONOMETRICS"": ""4"", ""promotion_university"": ""University of Iowa"", ""promotion_year"": ""2013.0"", ""years_post_phd"": ""4.0""}","{""JOURNAL OF ECONOMETRICS"": ""6"", ""promotion_university"": ""University of Wisconsin-Milwaukee"", ""promotion_year"": ""2011.0"", ""years_post_phd"": ""2.0""}"
Michigan State/full/cv_matusz.docx,INTERNATIONAL ECONOMIC REVIEW; JOURNAL OF INTERNATIONAL ECONOMICS,"{""INTERNATIONAL ECONOMIC REVIEW"": ""1"", ""JOURNAL OF INTERNATIONAL ECONOMICS"": ""4""}","{""INTERNATIONAL ECONOMIC REVIEW"": ""2"", ""JOURNAL OF INTERNATIONAL ECONOMICS"": ""5""}"
Michigan State/full/cv_mukherjee.docx,RAND JOURNAL OF ECONOMICS,"{""RAND JOURNAL OF ECONOMICS"": ""6""}","{""RAND JOURNAL OF ECONOMICS"": ""5""}"
Michigan State/full/cv_wooldridge.docx,AMERICAN ECONOMIC REVIEW; JOURNAL OF ECONOMETRICS; JOURNAL OF ECONOMIC THEORY; REVIEW OF ECONOMICS AND STATISTICS,"{""AMERICAN ECONOMIC REVIEW"": ""2"", ""JOURNAL OF ECONOMETRICS"": ""3"", ""JOURNAL OF ECONOMIC THEORY"": ""1"", ""REVIEW OF ECONOMICS AND STATISTICS"": ""2""}","{""AMERICAN ECONOMIC REVIEW"": ""1"", ""JOURNAL OF ECONOMETRICS"": ""6"", ""JOURNAL OF ECONOMIC THEORY"": ""0"", ""REVIEW OF ECONOMICS AND STATISTICS"": ""1""}"
Michigan State/full/cvminettidec2025.docx,ECONOMIC JOURNAL; JOURNAL OF MONETARY ECONOMICS,"{""ECONOMIC JOURNAL"": ""2"", ""JOURNAL OF MONETARY ECONOMICS"": ""4""}","{""ECONOMIC JOURNAL"": ""1"", ""JOURNAL OF MONETARY ECONOMICS"": ""2""}"
Michigan State/full/papkecv.docx,JOURNAL OF PUBLIC ECONOMICS,"{""JOURNAL OF PUBLIC ECONOMICS"": ""2""}","{""JOURNAL OF PUBLIC ECONOMICS"": ""4""}"
Michigan State/full/vita-vogelsang.docx,ECONOMETRICA; INTERNATIONAL ECONOMIC REVIEW; JOURNAL OF ECONOMETRICS; REVIEW OF ECONOMICS AND STATISTICS,"{""ECONOMETRICA"": ""2"", ""INTERNATIONAL ECONOMIC REVIEW"": ""1"", ""JOURNAL OF ECONOMETRICS"": ""4"", ""REVIEW OF ECONOMICS AND STATISTICS"": ""1""}","{""ECONOMETRICA"": ""4"", ""INTERNATIONAL ECONOMIC REVIEW"": ""2"", ""JOURNAL OF ECONOMETRICS"": ""8"", ""REVIEW OF ECONOMICS AND STATISTICS"": ""2""}"
NCSU Raleigh/full/CV_Opromolla.docx,JOURNAL OF POLITICAL ECONOMY; promotion_university; promotion_year,"{""JOURNAL OF POLITICAL ECONOMY"": ""2"", ""promotion_university"": """", ""promotion_year"": """"}","{""JOURNAL OF POLITICAL ECONOMY"": ""3"", ""promotion_university"": ""North Carolina State University"", ""promotion_year"": ""2021.0""}"
NCSU Raleigh/full/Canercv.docx,JOURNAL OF ECONOMETRICS; promotion_university; promotion_year; years_post_phd,"{""JOURNAL OF ECONOMETRICS"": ""8"", ""promotion_university"": """", ""promotion_year"": """", ""years_post_phd"": """"}","{""JOURNAL OF ECONOMETRICS"": ""9"", ""promotion_university"": ""Ohio State University"", ""promotion_year"": ""2015.0"", ""years_post_phd"": ""19.0""}"
NCSU Raleigh/full/DenisPelletier-Vitae.docx,JOURNAL OF ECONOMETRICS,"{""JOURNAL OF ECONOMETRICS"": ""2""}","{""JOURNAL OF ECONOMETRICS"": ""3""}"
NCSU Raleigh/full/Goodwin-CV-Jan20-2.docx,JOURNAL OF ECONOMETRICS; JOURNAL OF INTERNATIONAL ECONOMICS; promotion_year; years_post_phd,"{""JOURNAL OF ECONOMETRICS"": ""1"", ""JOURNAL OF INTERNATIONAL ECONOMICS"": ""1"", ""promotion_year"": ""1993.0"", ""years_post_phd"": ""5.0""}","{""JOURNAL OF ECONOMETRICS"": ""0"", ""JOURNAL OF INTERNATIONAL ECONOMICS"": ""0"", ""promotion_year"": ""1988.0"", ""years_post_phd"": ""0.0""}"
NCSU Raleigh/full/Morrill_T-CV_2019Nov.Jan20.docx,AMERICAN ECONOMIC JOURNAL-MICROECONOMICS,"{""AMERICAN ECONOMIC JOURNAL-MICROECONOMICS"": ""1""}","{""AMERICAN ECONOMIC JOURNAL-MICROECONOMICS"": ""2""}"
NCSU Raleigh/full/Steve-Allen-CV-March-2022.docx,AMERICAN ECONOMIC REVIEW; JOURNAL OF LABOR ECONOMICS; promotion_university; promotion_year; years_post_phd,"{""AMERICAN ECONOMIC REVIEW"": ""2"", ""JOURNAL OF LABOR ECONOMICS"": ""2"", ""promotion_university"": """", ""promotion_year"": """", ""years_post_phd"": """"}","{""AMERICAN ECONOMIC REVIEW"": ""1"", ""JOURNAL OF LABOR ECONOMICS"": ""1"", ""promotion_university"": ""North Carolina State University"", ""promotion_year"": ""1987.0"", ""years_post_phd"": ""9.0""}"
NCSU Raleigh/full/cv_dur_2024-oct.docx,JOURNAL OF ECONOMIC THEORY,"{""JOURNAL OF ECONOMIC THEORY"": ""2""}","{""JOURNAL OF ECONOMIC THEORY"": ""3""}"
Ohio State/associate/John Rehbeck CV.docx,JOURNAL OF ECONOMIC THEORY,"{""JOURNAL OF ECONOMIC THEORY"": ""2""}","{""JOURNAL OF ECONOMIC THEORY"": ""1""}"
Ohio State/associate/Mike Abito CV.docx,AMERICAN ECONOMIC JOURNAL-APPLIED ECONOMICS; AMERICAN ECONOMIC REVIEW; REVIEW OF ECONOMICS AND STATISTICS; name; promotion_university; promotion_year; years_post_phd,"{""AMERICAN ECONOMIC JOURNAL-APPLIED ECONOMICS"": ""1"", ""AMERICAN ECONOMIC REVIEW"": ""1"", ""REVIEW OF ECONOMICS AND STATISTICS"": ""1"", ""name"": ""John A. Doe"", ""promotion_university"": ""University of California, Berkeley"", ""promotion_year"": ""2018.0"", ""years_post_phd"": ""6.0""}","{""AMERICAN ECONOMIC JOURNAL-APPLIED ECONOMICS"": ""0"", ""AMERICAN ECONOMIC REVIEW"": ""0"", ""REVIEW OF ECONOMICS AND STATISTICS"": ""0"", ""name"": """", ""promotion_university"": """", ""promotion_year"": """", ""years_post_phd"": """"}"
Ohio State/associate/Pok-Sang Lam CV.docx,JOURNAL OF MONETARY ECONOMICS,"{""JOURNAL OF MONETARY ECONOMICS"": ""2""}","{""JOURNAL OF MONETARY ECONOMICS"": ""3""}"
Ohio State/full/Aubhik Khan CV.docx,JOURNAL OF MONETARY ECONOMICS,"{""JOURNAL OF MONETARY ECONOMICS"": ""1""}","{""JOURNAL OF MONETARY ECONOMICS"": ""4""}"
Ohio State/full/Audrey Light CV.docx,JOURNAL OF LABOR ECONOMICS; REVIEW OF ECONOMICS AND STATISTICS,"{""JOURNAL OF LABOR ECONOMICS"": ""3"", ""REVIEW OF ECONOMICS AND STATISTICS"": ""1""}","{""JOURNAL OF LABOR ECONOMICS"": ""5"", ""REVIEW OF ECONOMICS AND STATISTICS"": ""2""}"
Ohio State/full/Bruce Weinberg CV.docx,AMERICAN ECONOMIC REVIEW,"{""AMERICAN ECONOMIC REVIEW"": ""1""}","{""AMERICAN ECONOMIC REVIEW"": ""2""}"
Ohio State/full/Jim Peck.docx,AMERICAN ECONOMIC REVIEW; INTERNATIONAL ECONOMIC REVIEW; JOURNAL OF ECONOMIC THEORY,"{""AMERICAN ECONOMIC REVIEW"": ""2"", ""INTERNATIONAL ECONOMIC REVIEW"": ""2"", ""JOURNAL OF ECONOMIC THEORY"": ""4""}","{""AMERICAN ECONOMIC REVIEW"": ""1"", ""INTERNATIONAL ECONOMIC REVIEW"": ""3"", ""JOURNAL OF ECONOMIC THEORY"": ""5""}"
Ohio State/full/John Kagel CV.docx,AMERICAN ECONOMIC REVIEW; ECONOMETRICA; ECONOMIC JOURNAL; INTERNATIONAL ECONOMIC REVIEW; RAND JOURNAL OF ECONOMICS; REVIEW OF ECONOMICS AND STATISTICS; promotion_university; promotion_year,"{""AMERICAN ECONOMIC REVIEW"": ""7"", ""ECONOMETRICA"": ""3"", ""ECONOMIC JOURNAL"": ""5"", ""INTERNATIONAL ECONOMIC REVIEW"": ""0"", ""RAND JOURNAL OF ECONOMICS"": ""3"", ""REVIEW OF ECONOMICS AND STATISTICS"": ""2"", ""promotion_university"": """", ""promotion_year"": """"}","{""AMERICAN ECONOMIC REVIEW"": ""10"", ""ECONOMETRICA"": ""4"", ""ECONOMIC JOURNAL"": ""6"", ""INTERNATIONAL ECONOMIC REVIEW"": ""1"", ""RAND JOURNAL OF ECONOMICS"": ""4"", ""REVIEW OF ECONOMICS AND STATISTICS"": ""1"", ""promotion_university"": ""Texas A&M University"", ""promotion_year"": ""1969.0""}"
Ohio State/full/Julia Thomas CV.docx,JOURNAL OF MONETARY ECONOMICS; years_post_phd,"{""JOURNAL OF MONETARY ECONOMICS"": ""1"", ""years_post_phd"": """"}","{""JOURNAL OF MONETARY ECONOMICS"": ""2"", ""years_post_phd"": ""8.0""}"
Ohio State/full/Trevon Logan CV.docx,AMERICAN ECONOMIC REVIEW,"{""AMERICAN ECONOMIC REVIEW"": ""0""}","{""AMERICAN ECONOMIC REVIEW"": ""2""}"
Ohio State/full/Yaron Azrieli CV.docx,years_post_phd,"{""years_post_phd"": """"}","{""years_post_phd"": ""7.0""}"
Ohio State/full/cv_blevins.docx,REVIEW OF ECONOMIC STUDIES,"{""REVIEW OF ECONOMIC STUDIES"": ""2""}","{""REVIEW OF ECONOMIC STUDIES"": ""1""}"
Ohio State/full/de_jong_r_-_cv_-_2022.docx,JOURNAL OF ECONOMETRICS; promotion_university; promotion_year; years_post_phd,"{""JOURNAL OF ECONOMETRICS"": ""1"", ""promotion_university"": ""Ohio State University"", ""promotion_year"": ""2003.0"", ""years_post_phd"": ""10.0""}","{""JOURNAL OF ECONOMETRICS"": ""8"", ""promotion_university"": ""Michigan State University"", ""promotion_year"": ""2000.0"", ""years_post_phd"": ""7.0""}"
Ohio State/full/yang-vita-2023-osu.docx,name,"{""name"": """"}","{""name"": ""(not explicitly stated; CV lists no full name)""}"
